raychat.io,7
clarity.ms,2311
b-cdn.net,20
heapanalytics.com,126
grizoon.com,4
cloudflare.com,62
mail.ru,350
yandex.ru,1979
google-analytics.com,135
nr-data.net,940
olark.com,5
osano.com,22
crazygames.com,1
mrf.io,167
ajax.googleapis.com,52
zdassets.com,403
chartbeat.com,965
10bestmedia.com,1
newrelic.com,532
walkme.com,4
eskimi.com,2
hotjar.com,1496
akamaized.net,13
googletagmanager.com,1248
woopic.com,1
connatix.com,124
liveperson.net,374
dfcfw.com,1
buysellads.net,2
doubleclick.net,268
selectmedia.asia,20
serv-selectmedia.com,8
adthrive.com,68
confiant-integrations.net,10
amazon-adsystem.com,37
s-onetag.com,332
hsforms.net,372
ngs.ru,32
163.com,1
alicdn.com,11
yotpo.com,136
fullstory.com,331
taboola.com,266
pinimg.com,171
brightpattern.com,1
listrakbi.com,16
unpkg.com,36
ionos.fr,1
dhqbrvplips7x.cloudfront.net,8
jivo.ru,16
action-mcfr.ru,1
1tv.ru,2
yastatic.net,73
1stdibscdn.com,1
imasdk.googleapis.com,344
360playvid.info,7
marketo.com,12
4dex.io,8
ns1p.net,1
hubvisor.io,5
mediarithmics.com,3
privacy-center.org,53
tda.link,5
insurads.com,94
upscore.com,19
leadinfo.net,40
jsdelivr.net,203
2degreesmobile.co.nz,2
ebayclassifieds.net,3
2gis.ru,2
inside-graph.com,24
luckyorange.com,74
visualwebsiteoptimizer.com,117
advancedhosting.com,3
lr-ingest.io,8
lightboxcdn.com,32
appdynamics.com,8
adroll.com,9
getjad.io,12
weblogssl.com,2
richaudience.com,1
googlesyndication.com,51
axept.io,41
triplelift.com,1
lpsnmedia.net,77
marketscreener.com,1
lura.live,19
sendtonews.com,18
d1oykxszdrgjgl.cloudfront.net,5
noibu.com,82
auryc.com,4
cookielaw.org,121
clickcease.com,1
attn.tv,23
dynamicyield.com,38
riskified.com,5
webpushr.com,1
q5xr59.com,6
acronis.com,4
crisp.chat,254
infolinks.com,56
addthis.com,3
mxpnl.com,42
safe-iplay.com,4
youtube.com,30
sentry-cdn.com,61
moatads.com,127
geoedge.be,6
yandex.net,3
popmechanic.ru,6
d2wy8f7a9ursnm.cloudfront.net,20
primis.tech,138
ssl-images-amazon.com,30
media-amazon.com,21
amazon.com,9
shopmyexchange.com,2
aniview.com,104
b2c.com,31
sanoma.fi,3
d10lpsik1i8c69.cloudfront.net,87
kameleoon.eu,44
mouseflow.com,117
crwdcntrl.net,5
abc.net.au,2
appboycdn.com,18
go.com,5
viafoura.net,57
permutive.com,20
adsafeprotected.com,56
criteo.net,36
s3.amazonaws.com,22
vocstatic.com,23
smartadserver.com,6
ad.gt,17
townnews.com,1
perimeterx.net,12
abcnews.com,1
azure.com,2
smartlook.com,64
viglink.com,13
aboutstatic.com,2
zopim.com,86
dtscout.com,1
photo-ac.com,2
cmn.com,3
quantummetric.com,126
paypal.com,21
firstcolo.net,2
crazyegg.com,152
kiteworks.com,1
datadome.co,14
cedexis-test.com,22
accor.com,3
cedexis.com,12
bitgravity.com,3
website-files.com,35
channel.io,16
levelaccess.net,10
thehotelsnetwork.com,14
yximgs.com,1
driftt.com,160
acima.com,3
wistia.com,44
qualtrics.com,13
tidiochat.com,62
adobe.com,5
cancer.org,1
files.com,2
pipedrive.com,1
realpage.com,1
rapidpanda.io,1
lr-ingest.com,10
act-on.com,4
tiktok.com,27
onesignal.com,15
yellowmessenger.com,12
segment.com,33
digitalturbine.com,2
freshchat.com,7
uplink-digital.de,2
azureedge.net,17
qualified.com,193
amocrm.ru,1
fluct.jp,1
notifyvisitors.com,3
omappapi.com,18
dce5jani6jm7e.cloudfront.net,1
intercomcdn.com,35
sincrod.com,1
getkoala.com,6
lkqd.net,4
clicktale.net,12
mparticle.com,9
adoptium.net,1
parisaeroport.fr,1
ampproject.org,18
purechat.com,7
springserve.com,10
lidstatic.com,4
adt.com,3
gammacdn.com,1
jivosite.com,10
advstatic.ru,1
hubspot.net,15
adyen.com,1
glyph.net,1
americanfidelity.com,1
wistia.net,3
afamilycdn.com,1
savvycal.com,1
clearbitjs.com,7
hs-banner.com,18
nitrocdn.com,16
hscollectedforms.net,5
usemessages.com,6
licdn.com,29
clearbitscripts.com,1
facebook.net,94
hs-scripts.com,4
highereducation.com,1
keywee.co,15
adform.net,56
cnstrc.com,9
andata.ru,12
reg.ru,9
webspectator.com,7
contentsquare.net,44
1password.com,1
agit556.xyz,1
amh.com,1
privy.com,5
da7bkoc2u6nz4.cloudfront.net,1
maps.googleapis.com,40
zergnet.com,1
aolcdn.com,6
yimg.com,25
yahoo.com,7
aol.com,3
googletagservices.com,4
p-airnz.com,4
shop.pe,12
justuno.com,11
d2rhu7b2d7xar7.cloudfront.net,1
inspectlet.com,23
iqair.com,1
ait.com,1
lordoftheentertainingostriches.com,4
sophi.io,9
nutrition.org,1
go-mpulse.net,133
alamy.com,1
avplayer.com,9
mgid.com,13
ad-score.com,5
izooto.com,2
superpinkday.com,3
alertus.com,1
curalate.com,47
servicecdn.ru,1
selcdn.net,6
paddle.com,3
pub.network,14
alkami.com,1
allegiantair.com,1
storage.googleapis.com,9
abfrl.in,3
consentmanager.net,7
stroeerdigitalgroup.de,4
spot.im,26
robotflowermobile.com,10
d3lcz8vpax4lo2.cloudfront.net,6
df80k0z3fi8zg.cloudfront.net,2
ad-adapex.io,5
dailymotion.com,3
alloprof-appa-prod.web.app,1
allschoolcdn.com,2
wsj.net,3
permutive.app,10
privacy-mgmt.com,19
consensu.org,35
shopify.com,74
segreencolumn.com,90
alphaventuredao.io,1
m2.ai,7
intel.com,2
requestmetrics.com,3
mypurecloud.com,8
demandbase.com,21
icims.com,4
dialogtech.com,5
zohocdn.com,12
zoho.eu,1
vtsmedia.com,1
ssl-images-amazon.cn,1
primevideo.com,1
netlify-rum.netlify.app,3
amc.com,1
smct.io,8
aexp-static.com,1
heart.org,1
bluecore.com,6
d1nfaf380zbiur.cloudfront.net,1
px-cloud.net,43
userway.org,33
pilotx.tv,4
upsellit.com,2
shutterstock.com,4
extole.io,1
foresee.com,2
mutinycdn.com,53
adriver.ru,4
cookiebot.com,19
convertexperiments.com,1
zotabox.com,3
amazon.co.uk,1
gstatic.com,25
me-talk.ru,28
ancestrycdn.com,2
ethn.io,1
stackadapt.com,2
ancestry.com,1
tildacdn.com,25
nextpit.de,1
snigelweb.com,7
browsee.io,1
angelone.in,2
angel.com,1
aru.ac.uk,1
dokumfe7mps0i.cloudfront.net,1
googleoptimize.com,35
mlive.com,1
goqubit.com,3
jwpcdn.com,29
journity.com,3
imyfone.com,1
oath.com,7
yahoosandbox.com,3
a1.net,2
apollo247.com,4
anymind360.com,1
rageagainstthesoap.com,16
datadoghq-browser-agent.com,20
spoton.com,1
optimonk.com,4
applandinc.com,1
socy.es,3
jst.ai,31
jazzhr.com,1
daysmartappointments.com,1
klarna.com,1
paydayloansexpert.com,2
pathfactory.com,18
d2sxfzw9cql5wy.cloudfront.net,1
mncdn.com,6
truyo.com,5
d2na2p72vtqyok.cloudfront.net,4
arc.ht,1
emsservice.de,1
ezodn.com,12
addshoppers.s3.amazonaws.com,4
triggeredmail.appspot.com,1
adobedtm.com,35
vwonwkaqvq-a.global.ssl.fastly.net,1
intergi.com,5
avantisvideo.com,7
georgiasouthern.edu,1
whitesaas.com,2
dza2a2ql7zktf.cloudfront.net,1
d2m7ibezl7l5lt.cloudfront.net,1
trackjs.com,18
optimizely.com,28
fundraiseup.com,3
modoro360.com,2
mountain.com,4
northbeam.io,3
bing.com,7
djnf6e5yyirys.cloudfront.net,1
liadm.com,2
securedvisit.com,3
google.com,22
asdxstatic.com,1
icfcdn.com,10
fouanalytics.com,52
visitor-analytics.io,4
adspsp.com,26
asthmaandlung.org.uk,2
contently.com,5
teddybearmetal.com,2
athenahealth.com,1
roundprinceweb.com,4
lucidmotors.com,1
nfltags.com,10
imds-cdn.com,8
webglobe.sk,3
notifikuj.cz,5
speedyrhino.co,1
atptour.com,1
imgsmail.ru,4
pubnation.com,20
att.com,1
fbcdn.net,22
dreffui1gbt6t.cloudfront.net,1
powerrobotflower.com,8
akamaihd.net,3
adswizz.com,1
click360.io,2
australian.museum,1
instana.io,7
rlcdn.com,6
fullpath.com,1
searchunify.com,1
motortrend.com,3
ortto.com,2
exelator.com,1
beop.io,1
seroundprince.com,32
tldw.me,5
minute.ly,7
avexnet.jp,1
buzzoola.com,2
decibelinsight.net,5
vendavalida.com.br,1
voxus.com.br,5
enviou.com.br,1
vtex.com.br,1
oppuz.com,1
dynaton.com.br,1
criteo.com,23
pcdn.co,10
aweber-static.com,1
quantcast.com,19
ptc.com,4
axeptio.eu,1
matomo.cloud,3
bizible.com,15
bablic.com,1
aimg.sk,1
virgul.com,3
imgiz.com,2
hideousplay.com,13
getflowbox.com,9
babysfera.ru,1
babycenter.com,1
bpcdn.co,1
bankofamerica.com,2
thebrightforks.com,3
uol.com.br,2
cleverwebserver.com,2
unibuddy.co,1
dashboard.co.uk,8
klaviyo.com,41
d3v39jogt4yfbu.cloudfront.net,1
bmcdn.me,1
sitest.jp,3
bounceexchange.com,61
fontawesome.com,3
dynamics.com,1
danv01ao0kdr2.cloudfront.net,2
d3a1eo0ozlzntn.cloudfront.net,1
cxense.com,19
revcontent.com,5
thebase.com,2
takeda.com,2
b8cdn.com,1
probazon.ru,1
venusrevival.com,1
stickyadstv.com,4
bandborder.com,22
d2xdpr1oip0iv0.cloudfront.net,1
d3j3yrurxcqogk.cloudfront.net,7
ex.co,51
parsely.com,6
price.ru,4
tm-awx.com,44
proximus.be,1
bell.ca,1
9c9media.com,1
bsimg.nl,1
bolt.com,9
tinypass.com,21
d2c7xlmseob604.cloudfront.net,1
jotform.com,4
sph.com.sg,3
juicer.io,3
cheqzone.com,53
loansonlinee.com,1
pstatic.gr,2
mtvnservices.com,3
cbsivideo.com,13
cbsi.com,19
nogin.com,4
snapchat.com,5
nosto.com,7
mczbf.com,6
postscript.io,3
cdnbetcity.com,4
vntsm.com,2
lvision.io,1
b144.co.il,3
techlusive.in,1
bhphotovideo.com,3
scarabresearch.com,8
forter.com,2
bhphoto.com,2
corporacionbi.com,1
studybreakmedia.com,4
bbassets.com,1
restaurantonline.co.uk,1
push4site.com,1
bcdn.jp,1
top100.ru,4
gaadicdn.com,1
bildstatic.de,1
airpr.com,1
oribi.io,9
transcend.io,1
bb-os.com,2
dxycdn.com,1
infor.com,1
atl-paas.net,1
webflow.com,18
jquery.com,29
bizjournals.com,3
bstatic.com,2
d14pdm1b7fi5kh.cloudfront.net,2
pubmatic.com,12
hmstats.com,8
d1je72vo6cxqo9.cloudfront.net,3
raygun.io,4
aklamator.com,1
convertbox.com,4
gliacloud.com,1
bloomberg.com,7
bwbx.io,6
gez.io,1
exponea.com,4
gbqofs.com,44
bdstatic.com,4
baidu.com,7
protagcdn.com,9
hhkld.com,4
virginmedia.com,2
rubiconproject.com,11
yieldlove.com,8
newscred.com,5
bmuv.de,1
miaozhen.com,5
barnesandnoble.com,4
carrotquest.app,10
bringmethehats.com,10
thepointyspritesclub.com,15
pingdom.net,4
avanti-it.co,1
relevant-digital.com,3
boldcommerce.com,2
tribalfusion.com,4
s3wfg.com,1
segmentstream.com,1
d3ogvdx946i4sr.cloudfront.net,4
fourtimessmelly.com,8
apple.com,2
bosch.tech,1
btttag.com,6
onetrust.com,8
dz9qn8fh4jznm.cloudfront.net,1
meetboston.com,3
joinblvd.com,1
mktoweb.com,3
atdata.com,1
perfdrive.com,4
spresso.com,1
twitter.com,9
boylove3.cc,1
plerdy.com,12
b-h-q-prod.s3.amazonaws.com,1
clearbit.com,2
trvdp.com,4
getshogun.com,1
supercell.com,1
pressablecdn.com,2
mediavine.com,14
joshuarms.com,5
thesmilingelbows.com,23
yieldday-frontend-se2gf.ondigitalocean.app,2
adsrvr.org,17
casalemedia.com,13
marketingcloudfx.com,14
d2l.com,2
heysavvy.com,1
zoominfo.com,14
justone.ai,4
hextom.com,4
brother-usa.com,3
voqally.com,8
comagic.ru,4
dnsl4xr6unrmf.cloudfront.net,1
monicaatron.com,4
useinsider.com,5
talkative-cdn.com,2
d2vbpkts4ss4v2.cloudfront.net,1
bazaarvoice.com,7
wepay.com,1
business-online.ru,1
media-platform.com,4
stoic-media.com,2
piano.io,12
bwnet.com.tw,1
vzbl.eu,1
trustcommander.net,1
batch.com,2
abtasty.com,1
octipas-emerch.net,1
oracleinfinity.io,2
dqfw2hlp4tfww.cloudfront.net,1
pdst.fm,9
ravenjs.com,9
azurefd.net,5
socialannex.com,2
buzzfeed.com,11
doubleverify.com,5
whjr.dev,1
grdp.co,1
purechatcdn.com,10
cdn-website.com,5
niceincontact.com,2
signalfx.com,4
pocoiq.cn,1
investingchannel.com,5
mozu.com,1
res-x.com,1
main--dotcom-prod.netlify.app,1
ml314.com,7
strpst.com,52
kargo.com,2
mailchimp.com,2
mcangelus.com,8
translate.googleapis.com,14
webeyez.com,4
anthology.com,2
edgecastcdn.net,4
cdntrex.com,1
brightcove.net,4
streem.com.au,5
howuku.com,2
getcanopy.com,1
hostpapa.com,13
trustarc.com,3
stackla.com,2
d1af033869koo7.cloudfront.net,3
koshelek.app,1
icarcdn.com,2
karousell.com,6
classistatic.com,2
wisepops.com,11
aeplcdn.com,1
servicecashadvance.com,2
admeira.ch,1
webengage.com,3
pure.cloud,4
blackhawknetwork.com,1
bill.com,2
webpu.sh,1
userlike-cdn-widgets.s3-eu-west-1.amazonaws.com,7
fwcdn2.com,2
lr-in-prod.com,6
techmonitor.ai,1
atlantanewsfirst.com,1
paramount.com,5
centralbank.ae,1
wolterskluwer.com,6
tawk.to,8
googlecommerce.com,1
cntv.cn,1
cctvpic.com,2
mobidriven.com,1
d3vlhkqyz4y38a.cloudfront.net,1
vlitag.com,14
online-metrix.net,9
leadpages.com,4
abee.cloud,2
orange.pl,2
tiqcdn.com,14
humana.com,1
centersvet.com,1
centersvet.ru,1
xsd.cz,1
instiengage.com,1
michiganrobotflower.com,17
cgi.com,2
chairish-static-assets.freetls.fastly.net,1
skyscanner.net,2
factors.ai,8
gravitypayments.com,1
maxio.com,1
ubembed.com,6
bigcommerce.com,3
swellrewards.com,1
salesforceliveagent.com,7
shoprunner.com,1
ometrics.com,1
spectrum.net,1
fareportal.com,6
vtexassets.com,4
telerik.com,10
knotch-cdn.com,7
chime.com,2
adlightning.com,4
optmnstr.com,3
d1ri7vjnxr0h7s.cloudfront.net,1
d1kocom260xmzt.cloudfront.net,1
d15lxwsio1b0qb.cloudfront.net,1
anyclip.com,65
ezoic.net,18
gtsstatic.net,1
bttrack.com,13
marketo.net,2
cic.com,1
hsleadflows.net,16
mql5.com,1
eefcdn.com,3
citynews.ca,8
gainesvillefl.gov,1
rba.nom.es,1
planview.com,1
hellobar.com,1
afterpay.com,2
cltpstatic.com,1
smartcommerce.com,1
cookiepro.com,3
lordofthequietbadgers.com,2
click-guard-gradient.vercel.app,1
stat-cdn.com,1
hubspot.com,7
metarouter.io,3
termly.io,1
vidible.tv,1
impactradius-event.com,2
sage.com,9
maxymiser.net,2
globo.com,1
freshbots.ai,1
ingrammicrocloud.com,1
getbeamer.com,2
imperva.com,2
qgraph.io,3
im-apps.net,1
iadvize.com,5
ihor-hosting.ru,2
imrworldwide.com,7
acidpigs.com,2
cnbc.com,2
cnbcfm.com,6
iteratehq.com,2
d2uap9jskdzp2.cloudfront.net,2
hwcdn.net,6
d1fc8wv8zag5ca.cloudfront.net,2
sibautomation.com,1
livechatinc.com,7
coinglasscdn.com,1
cc.com,8
zoho.com,1
tctm.co,1
mpio.io,1
firstlight.net,3
comcast.com,4
voice-of-customers.com,1
claro.com.co,1
gamespot.com,1
kuikr.com,2
livesession.io,3
vecteezy.com,2
ads-twitter.com,4
blueconic.net,4
cloudfastin.top,2
ctfassets.net,1
facebook.com,2
travelrobotflower.com,1
usabilla.com,2
vertebrae-axis.com,1
lemde.fr,9
carrotquest.io,8
6sc.co,6
d2w68ocb6l47bj.cloudfront.net,2
app-us1.com,1
gorgias.chat,3
livehelpnow.net,2
nmgwywy.com,1
poptok.com,2
uniconsent.com,3
firstimpression.io,3
routledge.com,1
stripe.com,17
zealy.io,1
hscicdn.com,4
cronos-groep.be,1
d2kix6eiizu13f.cloudfront.net,1
aumago.com,1
crutchfieldonline.com,1
crutchfield.com,1
erstegroup.com,2
codesandbox.io,1
cpex.cz,1
wfcdn.com,2
cornerstoneondemand.com,3
brightspotcdn.com,4
mj-snowplow-static-js.s3.amazonaws.com,2
curvedental.com,1
audiencelab.io,1
freshmarketer.com,1
ywxi.net,1
amperity.com,1
sc-static.net,7
oktopost.com,1
pxlecdn.com,3
bento.me,1
addsearch.com,1
ediemidnightzombies.com,3
wingbot.ai,1
medialaben.no,2
youplay.se,1
dc19s0tq5ynbc.cloudfront.net,2
momently.info,1
s3-us-west-2.amazonaws.com,2
tosshub.com,4
logly.co.jp,1
super.com,4
d20xtzwzcl0ceb.cloudfront.net,1
onicon.ru,2
fiserv.com,2
psmcdn.net,2
inpwrd.net,4
dcarstatic.com,5
audioeye.com,15
scaleway.com,4
withflowersea.com,7
cookiebot.eu,2
playstream.media,1
faceplay.me,2
dcdn.lt,3
d2tnd5rm3qyjbv.cloudfront.net,2
getclicky.com,1
d2oh4tlt9mrke9.cloudfront.net,6
web-2-tel.com,1
planetdds.com,1
apb-deozal.ru,1
vrt.be,2
derm-sync-script.s3.us-east-2.amazonaws.com,1
ruweb.net,1
artlebedev.ru,2
dspncdn.com,1
trackercdn.com,1
andbeyond.media,11
devolverdigital.com,1
devsisters.com,1
eastmoney.com,1
qq.com,2
prensaiberica.es,16
dol.com.br,1
jsuol.com.br,2
dick-blick.com,1
adtlgc.com,3
digitec.ch,1
hostdime.com,2
invitae.com,1
linkvertise.com,4
invocacdn.com,6
virtual-expo.com,1
lngtd.com,4
lngtdv.com,2
discord.com,1
network-n.com,1
inmoment.com,1
insiderdata360online.com,1
relay-t.io,1
snidigital.com,4
nhtsa.gov,2
media.net,1
tudublin.ie,1
calltouch.ru,11
vismacircle.nl,1
bitrix24.com,1
oracle.com,34
hosty.cl,2
livehost.cl,2
bluehosting.cl,4
dccdn.de,1
doc-media.fr,1
hsmedia.ru,13
cdntrf.com,19
iubenda.com,7
cdn4dd.com,1
rmr.rocks,1
revlifter.io,1
amplitude.com,1
vidverto.io,2
simcast.com,5
d10lpgp6xz60nq.cloudfront.net,1
dovetail.com,2
cnet.com,3
atmtd.com,5
automatad.com,2
hubspotusercontent-na1.net,2
draftkings.com,1
runasian.net,1
tpdads.com,2
brid.tv,9
dreamhost.com,1
capturly.com,3
commerzbank.de,1
marketlinc.com,2
drift.com,1
rdrom.ru,1
driverpack.io,1
sberdevices.ru,4
nayatel.com,1
adpushup.com,7
dw.com,2
dynatrace.com,19
dzeninfra.ru,5
rambler.ru,21
lr-in.com,2
monu.delivery,9
just-eat.ch,1
rfihub.net,1
magnewsemail.com,1
foodora.com,27
foodpanda.pk,2
rakuten.com,3
adgrid.io,1
yieldify.com,16
airbud.io,7
indiatimes.com,9
omnisnippet1.com,2
perfmaker.net,2
edg.io,12
everydayhealth.com.tw,1
adtechus.com,1
craft-talk.com,2
carambo.la,1
d1jnx9ba8s6j9r.cloudfront.net,1
d2vw57jh8139vw.cloudfront.net,1
hb.wpmucdn.com,2
sqexeu.com,2
elationhealth.com,2
bleacherreport.com,1
9to5mac.com,1
eestatic.com,1
telia.ee,2
bustle.com,8
podium.com,3
uecdn.es,4
gfrvideo.com,1
prisasd.com,3
cbdatatracker.com,2
custhelp.com,1
emerson.com,2
atgsvcs.com,1
karte.io,3
wshopon.com,1
cdninstagram.com,5
d29f71cuc8ityh.cloudfront.net,1
inzynk.io,5
picturepack.com,1
richrelevance.com,2
epson.eu,3
pixelbin.io,2
d22btujodpngle.cloudfront.net,3
espncdn.com,4
i-scmp.com,2
educibly.com,2
blackbaud.com,1
zenclerk.com,6
internetvikings.com,2
err.ee,1
lteplatform.com,1
euromoneydigital.com,1
d16fk4ms6rqz1v.cloudfront.net,2
warnermediacdn.com,1
evbstatic.com,13
healthroundprince.com,5
alltrails.com,1
evo73.ru,1
digimarc.com,1
euc-freshbots.ai,1
b1img.com,1
gatedcontent.com,4
flip.to,1
contentdial.com,1
extrastores.com,1
d26x5ounzdjojj.cloudfront.net,2
ebdcdn.com,1
ezoic.com,2
faceit-cdn.net,1
d2rp1k1dldbai6.cloudfront.net,1
nedigital.sg,3
idealmedia.io,1
brandwatch.com,1
mathtag.com,2
wazimo.com,1
callibri.ru,2
fastly-insights.com,1
vbt.io,2
federalnewsnetwork.com,1
feedercdn.com,1
framerusercontent.com,4
bytegoofy.com,5
usercentrics.eu,2
feature.fm,2
fredhutch.org,1
ensighten.com,7
kampyle.com,2
r4you.co,1
seedtag.com,4
outbrain.com,16
vidazoo.com,5
servicebell.com,5
firework.com,1
firstarriving.com,1
ibytedtos.com,5
verizonconnect.com,3
cookie-script.com,6
revenera.com,2
staticflickr.com,1
flightcdn.com,2
flipboard.com,1
flixcart.com,1
f4fcdn.eu,1
darwin.cx,2
flocktory.com,9
silktide.com,2
foleon-assets.s3.eu-central-1.amazonaws.com,1
gacraft.jp,4
static-food.ru,1
foodora.hu,1
accessibilityserver.org,1
mediaad.org,6
premiumads.com.br,2
krxd.net,1
m-pathy.com,5
intercom.io,2
simpli.fi,2
quantserve.com,1
hearstapps.com,2
redfastlabs.com,2
foxit.com,1
news.com.au,1
fingerprint.com,2
france.tv,1
trustedform.com,5
dlh8c15zw7vfn.cloudfront.net,1
cohesionapps.com,2
mymove.com,1
frog.co,1
front.com,1
ismcdn.jp,1
rationalcdn.com,5
cafirebreather.com,3
futureplc.com,3
8x8.com,4
acsbapp.com,2
g2.com,1
gamedeveloper.com,2
enthusiastgaming.com,10
dancf.com,1
sdn.cz,5
gcom.cloud,2
appcues.com,1
segment.io,6
bitssec.com,1
bestprice.gr,1
gazzettaobjects.it,2
nasstar.com,1
gcore.com,3
hstatic.net,1
themarysue.com,2
habr.com,2
vlyby.com,2
nrich.ai,1
d1um8515vdn9kb.cloudfront.net,1
d3l739e8r8y9v7.cloudfront.net,2
food.com,1
aptum.com,2
sejaefi.com.br,1
asadcdn.com,2
d2bgjx2gb489de.cloudfront.net,1
operacdn.com,1
hyros.com,2
d3etodbj1igl0z.cloudfront.net,1
gr-cdn.com,1
revampcdn.com,1
gladly1.wpenginepowered.com,2
condenastdigital.com,6
glideapps.com,1
tgtag.io,8
roundprincemusic.com,4
ctnsnet.com,1
bidr.io,1
adnxs.com,1
sitescout.com,1
ipredictive.com,1
wsimg.com,3
dmcdn.net,3
gmanetwork.com,3
gnst.jp,1
digi.ro,2
flock.com,1
ce-cdn.net,1
fishrobotflower.com,1
fomo.com,1
byroundprince.com,3
d3requdwnyz98t.cloudfront.net,1
smh.com.au,2
abcotvs.net,1
stat.media,1
air.tv,1
mixi.media,1
btloader.com,2
indexww.com,2
grxstatic.com,2
quiq-cdn.com,1
mindbox.ru,14
htlbid.com,5
tinder.com,2
lwadm.com,1
pxr.nl,1
synchrony.com,4
grab.com,3
ada.support,8
hsappstatic.net,4
alwafaagroup.com,1
grantcardone1.wpenginepowered.com,1
ghcdn.xyz,2
goteleport.com,5
vuukle.com,1
sleeknote.com,4
zoomengage.com,1
greetz-nl.net,1
ezojs.com,6
shoptarget.com.br,1
guim.co.uk,4
theguardian.com,1
takingbackjuly.com,8
ustatik.com,1
gumroad.com,1
handtalk.me,1
searchspring.net,13
powerreviews.com,1
amped.io,1
gx.games,1
orghost.ru,4
playbuzz.com,1
hackster-cdn.online,1
northfork.se,1
woosmap.com,1
kiybdhzql-g.global.ssl.fastly.net,1
atlassian.com,7
adquire.com,1
675e18303392.online,1
haose10.vip,1
skytab.com,1
l3harris.com,2
chargepoint.com,2
tune.com,1
af-mark.jp,1
cleverpush.com,1
privacymanager.io,6
zeronaught.com,1
nic.ru,2
allincall.in,2
bitrix24.ru,3
cohere.so,2
symplr.com,1
hkrtcdn.com,1
moengage.com,1
scdn.co,2
d253pvgap36xx8.cloudfront.net,1
yottlyscript.com,1
goodrx.com,1
hillrom.com,1
homeimprovementpages.com.au,1
hisense-usa.com,1
callrail.com,1
hkt.com,1
viewlift.com,1
protoroundprince.com,2
evidon.com,5
crowdriff.com,9
d1xt9s86fx9r45.cloudfront.net,1
geniusmonkey.com,1
d35vb5cccm4xzp.cloudfront.net,1
procore.com,1
twilio.com,2
sdiapi.com,6
scsstatic.ch,1
d17mvqspmtlfpa.cloudfront.net,1
analitik.my.id,2
claspo.io,1
1-grid.com,1
namesilo.com,1
d60r6iww29z6r.cloudfront.net,4
zma.gs,1
particularaudience.com,1
hfm.com,1
office365.com,4
fourth.com,1
insent.ai,1
wired.com,1
vrimgs.com,3
holidaylettings.com,1
hpsmart.com,1
optemo.jp,1
hotel-static.com,2
granify.com,1
hootsuite.com,2
vive.com,1
hworld.com,1
huffpost.com,9
mediavoice.com,1
repstatic.it,2
customily.com,1
crowdstrike.com,4
huntresscdn.com,1
hbfile.net,1
hurriyet.com.tr,2
huxiucdn.com,1
msstatic.com,2
lsdm.co,1
hypebeast.com,5
hubspotusercontent-eu1.net,4
fastcdn.co,3
adapex.io,3
powerad.ai,2
d5u440dpucqci.cloudfront.net,1
citrix-itm-test.com,2
news18.com,1
performoo.com,2
fqtag.com,1
figpii.com,3
secureserver.net,2
internetcomputer.org,1
safenames.net,1
adstanding.com,1
login-seconnecter.ca,1
ignimgs.com,1
webglobe.cz,1
realsrv.com,1
broadbandy.net,2
gmdigital.it,1
adplay.it,1
4strokemedia.com,1
curve.com,1
dqpnq362acqdi.cloudfront.net,1
myspacecdn.com,2
impact.com,1
swaychat.com,2
nice.com,2
haptikapi.com,1
imimg.com,1
iu.edu,3
appsflyer.com,2
infinity.co,2
rocketmortgage.com,1
groupe-infoclip.com,1
exmarketplace.com,1
rollbar.com,4
wotnot.io,2
d33pn8gtn0nu9p.cloudfront.net,2
retailcrm.pro,2
nigelmidnightrappers.com,4
motor1.com,1
d13a9k2cw5p3go.cloudfront.net,1
csell.co,4
cardekho.com,1
itsintegra.com,1
getgist.com,2
tiqcdn.cn,1
wunderground.com,1
jetbrains.com,2
geotab.com,1
iplsc.com,2
renesas.com,2
segmentify.com,1
iway.ch,2
gosquared.com,5
getsitecontrol.com,3
ipaddress.com,2
iqiyipic.com,2
qodeinteractive.com,1
sanjagh.com,1
isnet.net.tr,4
xnxx-cdn.com,7
issp.co.th,1
isu.pub,1
00px.net,1
maeen.sa,1
tass.ru,1
itsme-id.com,1
ivi.ru,4
startpage.com,1
notsy.io,2
xola.com,2
one.store,1
keydatadashboard.com,1
jane.app,1
cdnjhd.com,3
javhd.com,1
womtp.com,2
jdpower.com,2
drct2u.com,1
walmart.com,1
clickattribution.com,1
pixeleze.com,1
vibe.co,1
icontracker.s3.amazonaws.com,1
honeybadger.io,2
bytescm.com,1
leadongcdn.cn,2
jinshujucdn.com,1
storejohnnywas.com,1
joomcdn.net,2
juicebarads.com,1
3lift.com,3
pewresearch.org,7
jiguang.cn,1
js.design,1
oup.com,5
silverchair-cdn.com,1
dditscdn.com,9
harborcdn.com,8
jwplayer.com,3
kajabi-cdn.com,1
worldnow.com,1
kamiapp.com,1
dafiti.com.br,1
thelead.tech,1
pzimff.com,2
mrmserve.com,2
orangeclickmedia.com,12
r9cdn.net,5
kickstarter.com,1
wondershare.cc,2
kenh14cdn.com,1
sohatv.vn,4
omegatheme.com,3
shoppinggives.com,2
key.com,1
everestjs.net,1
grow.me,1
yottaa.com,2
king.host,2
flashb.id,1
whirlpool.com,1
kfs.io,2
gatsbyjs.io,6
koala.live,3
jennifersoft.com,1
taringa.net,2
informaconnect.com,4
srvmath.com,1
yandex.com,1
akinoncdn.com,1
kpcdn.net,4
opencmp.net,1
kontur.ru,3
alaskasnewssource.com,1
optimove.com,1
eckwai.com,1
onnetwork.tv,3
fundacionlacaixa.org,1
caixabank.cat,1
ddw3p1oh0ex89.cloudfront.net,1
talkscreativity.com,1
adara.com,1
listtrac.com,1
atomik.vip,1
piwik.pro,1
webediamovies.pro,2
systempay.fr,1
shiyanlou.com,1
impactify.media,2
biff.travel,2
wayndata.com,3
lmiutil.com,1
avoz.es,2
itldc.com,1
shopstory.live,1
tf1info.fr,2
ldmnq.com,1
leadongcdn.com,3
popt.in,1
youlead.fr,1
d3k29occ4ttmt2.cloudfront.net,1
leetcode.cn,1
sentimentmetrics.com,1
lejsl-presse.fr,1
leprogres-presse.fr,1
omerloclients.com,1
sunmedia.tv,4
lexisnexis.com,1
dfboipmnnah5o.cloudfront.net,1
d22xmn10vbouk4.cloudfront.net,2
livein.mobi,1
lidl.de,1
d3jdulus8lb392.cloudfront.net,2
norton.com,3
life.ru,1
vektor-inc.co.jp,1
like-video.com,8
shopltk.com,1
picsee.io,4
qualaroo.com,1
idesk360.com,1
later.com,1
contentpass.net,1
spotxcdn.com,1
wp.com,1
d25lqe4mlyaln6.cloudfront.net,1
livenationinternational.com,1
livenationcdn.com,1
resi.io,1
livejournal.net,1
k-analytix.com,2
locaweb.com.br,1
decide.co,1
twitchcdn.net,4
twitch.tv,1
lr-wa.com,2
logrocket-assets.io,2
rum.us-east-1.amazonaws.com,2
heyhalda.com,1
d1180od816jent.cloudfront.net,1
d5x2n72glkaxl.cloudfront.net,1
ldycdn.com,2
hypemarks.com,4
paypalobjects.com,1
cquotient.com,1
trustpilot.com,1
pulsant.com,1
bilsyndication.com,1
reviewjournal.com,1
curator.io,1
merriam-webster.com,2
6play.fr,2
mabi.world,1
center.io,1
polarbyte.com,1
next.co.uk,1
unibotscdn.com,1
d12ke8i0d04z83.cloudfront.net,1
cxpublic.com,3
prooffactor.com,1
twimg.com,17
quicktext.im,1
buildium.com,1
bnextmedia.com.tw,1
mango-office.ru,3
udayavani.com,1
joinclyde.com,4
repeller.com,1
mccdn.me,1
videoloft.com,1
openxcdn.net,1
dito.com.br,1
martech.org,2
d5w2f9hxg5igq.cloudfront.net,1
espn.com,1
ziffstatic.com,1
d20519brkbo4nz.cloudfront.net,1
searchlogistics.com,2
d32hpx6p5we0tx.cloudfront.net,1
latitude.sh,1
getambassador.com,1
kxcdn.com,3
xd1a20210709.com,1
mdpi.com,1
medidata.com,1
dn0qt3r0xannq.cloudfront.net,2
redblue.de,1
rechargecdn.com,1
tradedealer.net,1
pelotalibre.com,1
banan.cz,1
vcdn.biz,1
meitudata.com,1
userpilot.io,1
opswat.com,2
webim.ru,1
metservice.com,1
mocortech.com,2
myfreecams.com,1
adnuntius.com,1
miaotuacg.com,1
igao-prod-herokuapp-com.global.ssl.fastly.net,1
seohost.pl,1
cux.io,2
forsvarsmakten.se,1
cdn-sitegainer.com,1
mindbodyonline.com,1
thcdn.com,1
mrvcdn.com,2
alipayobjects.com,1
bluebillywig.com,1
postie.com,1
branch.io,1
d38xvr37kwwhcm.cloudfront.net,2
mlbstatic.com,1
hrsd.gov.sa,2
mightynetworks.com,1
orange.be,2
adgrowth.com,1
moevideo.com,1
mdstatic.org,1
truepush.com,1
posthog.com,4
d37sy4vufic209.cloudfront.net,1
futurecdn.net,3
intellimize.co,2
ascpqnj-oam.global.ssl.fastly.net,1
foundit.in,1
nitrado.net,1
atlassian.net,1
staticmorizon.com.pl,1
im-g.pl,6
sparrow.ru,1
motorola.com,1
postrelease.com,1
247-inc.net,1
d3e54v103j8qbb.cloudfront.net,2
mypurecloud.de,1
streamwood.ru,1
qoopler.ru,1
profilepxl.ru,1
leadhit.io,1
morganstanley.com,1
youtube-nocookie.com,2
ricoh-usa.com,1
pstatp.com,2
labiba.ai,1
multilogin.com,2
netease.com,1
msscdn.net,1
relap.io,1
alfred.camera,1
tencent-cloud.com,2
proadscdn.com,2
beckman.com,1
d1vwxdpzbgdqj.cloudfront.net,2
hippo.com,1
d2208bmkizb2br.cloudfront.net,1
aliyuncs.com,2
gsitrix.com,3
tvb.com,1
onelink-edge.com,1
p7s1.io,3
prosieben.de,2
whc.ca,1
mako.co.il,1
netangels.ru,1
un.org,1
boostbox.com.br,1
napinfo.co.id,2
tableau.com,2
adskeeper.co.uk,1
rtraveler.ru,1
nationalgeographic.com,1
assettype.com,1
clicktripz.com,5
americorps.gov,1
boomtrain.com,6
sitescdn.net,1
natrocdn.com,2
naukimg.com,1
datasteam.io,2
d1tprjo2w7krrh.cloudfront.net,1
oppomobile.com,1
squarespace.com,2
residenthome.com,1
digicert.com,1
tenable.com,4
netcorecloud.com,3
kingpinkton.com,4
imotech.video,1
photoholding.com,1
api.no,1
nettruyenvi.com,1
funnelenvy.com,1
chatlingual.com,3
xn--b1afbxh8ayd.xn--p1ai,1
chiccdn.com,2
clientgear.com,2
footprint.net,1
logotv.com,1
d2jx2rerrg6sh3.cloudfront.net,1
ntv.co.jp,1
poppulo.com,1
d275im4r3zngba.cloudfront.net,1
fwcdn3.com,2
hs-analytics.net,3
npstatic.com,1
dfwbfr2blhmr5.cloudfront.net,2
dable.io,3
registry.godaddy,8
shortdot.bond,2
radix.website,22
d33a4decm84gsn.cloudfront.net,2
rackcdn.com,2
ds413s3fl4w2c.cloudfront.net,1
nikon-cdn.com,1
segway.com,1
vivocha.com,1
afirstsoft.cn,2
lemnisk.co,1
prestosports.com,1
northwesternmutual.com,2
nobelprize.org,1
ladsp.com,1
techtarget.com,1
msecnd.net,5
vercel.com,8
concert.io,6
n.rich,1
ns1.com,2
mypurecloud.com.au,2
rizereviews.com,1
responsetap.com,3
d2r9epyceweg5n.cloudfront.net,2
collectcdn.com,1
nychealthandhospitals.org,3
quiet.ly,1
loyalhealth.com,1
cloudblue.com,1
glassboxcdn.com,7
owneriq.net,1
officedepot.com,1
connectif.cloud,1
d2apc0nnfc3jtp.cloudfront.net,1
aamapiv2.com,5
ohio.gov,1
okx.com,1
denakop.com,1
affinitymatrix.com,2
olympics.com,3
intergient.com,2
hyland.com,2
opstatics.com,1
ftc.gov,1
megagroup.ru,1
roistat.com,3
pixlee.co,1
onlinepbx.ru,1
render.com,2
onthemap.com,1
lazyrockets.com,1
open-systems.com,1
dqd0jw5gvbchn.cloudfront.net,2
e2e4online.ru,1
3072.ru,1
ot.digital,1
evergage.com,1
wsj.com,3
ssisurveys.com,1
smartremstroy.ru,1
winempresas.pe,2
opusinteractive.com,1
sirclocdn.com,1
elegantthemes.com,1
watchdisneyfe.com,1
abc.com,1
d1u8dm08vp3e0x.cloudfront.net,1
d2zah9y47r7bi2.cloudfront.net,1
spiny.ai,1
hum.works,4
iinet.net.au,1
glass.io,1
sessionstack.com,1
d214hhm15p4t1d.cloudfront.net,1
cdnpandadoc.com,2
paradoxinteractive.com,1
cityrobotflower.com,2
pb06e2-resources.com,1
nagich.co.il,1
adoric-om.com,1
n-able.com,2
yfswebstatic.com,3
narrativ.com,1
d3rr3d0n31t48m.cloudfront.net,1
payu.in,1
apryse.com,1
downloads-pearljam-com.s3.amazonaws.com,1
fidcdn.net,1
rumiview.com,2
dwin2.com,1
pennymac.com,1
d1a29h5kxv3oc2.cloudfront.net,2
peppercontent.io,1
xplorrecreation.com,1
tpcserve.com,2
botchk.net,1
cloverstatic.com,1
cradlepoint.com,1
lytics.io,2
nationwide.com,1
mavenoid.com,4
retailrocket.ru,1
inquirer.com,1
d2dfxqxblmblx4.cloudfront.net,1
parabo.press,3
nuxit.com,1
sharethis.com,5
phoenixsoftwares.in,1
w3counter.com,1
hostek.co.uk,1
bytedapm.com,1
pik.ru,2
pinellas.gov,1
d3v8pb2o62uqvf.cloudfront.net,1
pipedriveassets.com,1
matomo.org,1
pimg.jp,1
clrt.ai,1
d2skjte8udjqxw.cloudfront.net,1
lpcdn.site,1
rakuten.co.uk,1
uibcdn.com,1
d2vkoy1na2a6o6.cloudfront.net,2
blizzard.com,1
promolayer.io,1
zadn.vn,2
plotly.com,1
triboomedia.it,1
uiscom.ru,1
antsomi.com,1
boldchat.com,1
eyekandy.com,2
lokr.io,1
ssense.com,2
divehope.com,1
storystream.ai,2
mlstatic.com,1
d3i4yxtzktqr9n.cloudfront.net,6
wizardingworld.com,3
smartandstrong.com,1
ppr.ru,1
p24.app,1
shift4.com,2
prcdn.co,1
precor.com,1
evorra.net,1
pricenacdn.com,1
cdnpth.com,1
bigbrain.gg,1
lrcontent.com,1
d1nuzc1w51n1es.cloudfront.net,2
prostitutkimoskvynext.info,1
proton.me,2
printables.com,1
altice-empresas.pt,1
spbu.ru,1
ladmedia.fr,1
punchhinc.wpenginepowered.com,1
puppet.com,1
cloudflareinsights.com,2
trialfire.com,1
app.link,1
getreview.io,2
beaconstac.com,2
luxupcdnc.com,1
zip.co,6
live2support.com,1
coveo.com,4
intuit.com,2
leadback.ru,1
audacy.com,1
tunein.com,2
qwtag.com,1
helpfeel.com,1
ramseysolutions.com,1
randstadgroep.nl,1
r42tag.com,1
rutube.ru,1
rarathemes.com,1
radio-canada.ca,1
clyde.chat,1
cambridge.org,1
railwayreason.com,1
harborcaption.com,1
rlc.tv,1
adnxs-simple.com,2
miro.com,4
nxedge.io,1
australiarevival.com,6
origo.hu,1
redditstatic.com,16
rapidsave.com,1
commanders.com,1
betterhelp.com,2
trbo.com,1
gravito.net,1
rtrcdn.com,1
soundcloud.com,1
onet.pl,1
dynata.com,1
1874966808.rsc.cdn77.org,1
ra.co,4
resdigitais.wpenginepowered.com,2
reuters.com,1
reverb-assets.com,1
roberthalf.com,1
rhinofy.com,1
ridicdn.net,1
rigolna.com,1
niifhm.ru,1
chaty.app,1
fusedeck.net,1
raymondjames.com,1
ranker.com,1
d3hbe0kmbam4a5.cloudfront.net,1
superpointlesshamsters.com,4
dogado.pro,1
quickenloans.com,1
creativecdn.com,3
rogers.com,1
admetricspro.com,2
rollbot.com,4
d15kdpgjg3unno.cloudfront.net,1
ltwebstatic.com,18
rglcdn.com,1
rosettastone.com,1
cookiefirst.com,1
chatra.io,1
rocketsoftware.com,1
rt.ru,1
kleecks-cdn.com,1
mathschool.com,1
datadrivenpromotion.com,1
razorpay.com,1
asklocala.com,1
sports.ru,3
saab.com,1
dfcdths9j2gip.cloudfront.net,1
roundprincethere.com,1
solvvy.com,1
tmgrup.com.tr,5
innerengineering.com,1
churnzero.net,1
anthembroadband.com,1
mypurecloud.ie,1
saigonnewport.com.vn,2
innertrends.com,1
klear.com,1
vmware.com,2
dblks.net,2
instant.page,1
neuro-id.com,2
samolet.ru,2
samsung.com,6
iza.ne.jp,1
yaamava.com,1
isanook.com,2
fastsimon.com,2
santander.com.br,1
gsecondscreen.com,2
adskeeper.com,2
saudia.com,1
opmnstr.com,1
giosg.com,2
home.saxo,1
seznam.cz,3
zvuk.com,4
sberbank.com,2
trbcdn.net,1
cookiehub.net,1
viewdeos.com,2
ionos.de,1
protectsubrev.com,1
saambaa.com,1
d2sgc57sw7l730.cloudfront.net,2
digitalocean.com,1
going.com,1
screencloud.com,1
messagebird.com,4
grubhub.com,1
flexera.com,1
weblog.md,1
rsa.com,1
gomoxie.solutions,1
scdn.vn,1
d22d1xpx4ztuef.cloudfront.net,1
mediav.com,1
equalweb.com,1
servnet.mx,2
fellowshipone.com,1
d7nr0nt3r8678.cloudfront.net,1
goftino.com,1
dc8xl0ndzn2cb.cloudfront.net,1
mbc.net,2
snrcdn.net,1
pageimprove.io,1
ipscdn.net,1
shoosh.co,1
sa-tech.de,1
multisearch.io,1
netdirect.eu,2
shopeemobile.com,3
yottaa.net,2
taggshop.io,1
sensormatic.com,1
rejoiner.com,2
apester.com,2
elsi-group.ru,1
signetbreedband.nl,1
getdrip.com,2
static1-sima-land.com,1
siteimproveanalytics.com,1
salesloft.com,1
fwdcdn.com,2
sitiohost.cl,2
webfx.com,4
macphun.com,1
kiwi.com,2
skyscnr.com,20
skyeng.ru,2
slido.com,2
maggieeatstheangel.com,1
republic.ru,1
d1m09pg603vjt9.cloudfront.net,1
marketwatch.com,2
smarty.com,1
mirtesen.ru,1
accruesavings.com,1
snap.com,2
sniply.io,1
webformscr.com,1
snowplow.io,2
art19.com,1
ivideosmart.com,1
blogherads.com,3
fwpub1.com,1
uxfeedback.ru,1
diginetica.net,1
syteapi.com,1
sonarsource.com,3
d3lby0gdzyn0aw.cloudfront.net,1
texthelp.com,1
splunk.com,1
sphereup.com,1
ngenix.net,1
coingaming.io,1
sp-prod.net,1
openweb.com,4
spotifycdn.com,2
t-mobile.com,3
s5o.ru,3
d10gugzveyt6ly.cloudfront.net,1
d29dbajta0the9.cloudfront.net,2
squareup.com,4
opyn.co,2
serving-sys.com,1
d2mc7g633s0nki.cloudfront.net,1
stackcommerce.io,1
rkdms.com,1
medallia.com,1
americanhometownmedia.com,1
comnet.uz,2
d10baati43jr8c.cloudfront.net,2
mainroll.com,1
equinor.com,1
apppage.net,1
travel-assets.com,1
petrovich.ru,1
dumy1g3ng547g.cloudfront.net,1
vimeo.com,1
thestepstonegroup.com,1
jgwentworth.com,1
d3ss0gp3e5d7m3.cloudfront.net,1
qognvtzku-x.global.ssl.fastly.net,1
unidata.ai,1
scribblecdn.net,1
esputnik.com,1
vggcdn.net,1
d20ohkaloyme4g.cloudfront.net,2
lendingtree.com,2
yapokupayu.ru,1
dsifg2gm0y83d.cloudfront.net,2
d1b7rr0nby25az.cloudfront.net,3
dz3ixmv6nok8z.cloudfront.net,1
dmvs-apac.com,1
super.cz,1
nintendo.com,1
sh.cz,1
hadronid.net,1
cdn-surfline.com,2
alchemer.com,2
dijsur42hqnz1.cloudfront.net,1
worldshopping.jp,1
instreamvideo.ru,1
svtstatic.se,2
gotolstoy.com,3
jnjmedtech.com,1
telekom.hu,2
ticketmaster.com,1
sina.com.cn,1
sinaimg.cn,7
d16xvuom8mr9m8.cloudfront.net,1
salecycle.com,2
taongaonline.com,1
tapimg.com,9
d30womf5coomej.cloudfront.net,1
bundleb2b.net,1
targetimg1.com,1
truconversion.com,1
tastytrade.com,1
viadata.store,1
cdn-tinkoff.ru,2
tenet.ua,2
mfilterit.net,1
acstat.com,1
sapo.io,1
comperiaraty.pl,1
teletrade.org,1
digitalrealty.com,1
runcloud.io,2
kwcdn.com,1
d3c39yxulteaif.cloudfront.net,1
d3f4nuq5dskrej.cloudfront.net,1
listenlayer.com,1
mindsay.com,1
coverstore.com,2
dkpklk99llpj0.cloudfront.net,1
yomiuri.co.jp,1
gumlet.io,1
convertkit.com,1
saltwire.com,1
nudgify.com,1
halaracdn.com,1
host.co.in,1
thetimes.co.uk,6
tile.com,1
siren-production.freetls.fastly.net,1
thinkwebcontent.com,1
richpanel.com,1
getelevar.com,1
sailshopify-webhooks-prod.herokuapp.com,1
dailymail.co.uk,2
tealiumiq.com,1
nitropay.com,1
tiaa.org,1
tidio.com,1
epicdn.me,1
tiktokcdn-us.com,4
toiimg.com,3
foxpush-website.s3.amazonaws.com,1
webcontentassessor.com,1
warnermedia.com,1
iesnare.com,1
schemaapp.com,1
fcps.edu,1
justclick.ru,1
tumblr.com,2
nielsen.com,1
fox.com,1
s-adzone.com,1
vonage.com,1
bytecon.com,1
d17g6s5vigzk0w.cloudfront.net,2
mediacategory.com,1
thestar.com,1
torrens-australia.com,1
binom.org,1
etc.uz,2
tnsinc.com,1
vestiairecollective.com,1
monetate.net,2
wise.com,1
forroundprince.com,1
dssl.ru,1
travelatacdn.ru,1
convertflow.co,1
toyota.com,1
teads.tv,1
heymatic.com,2
tribedynamics.com,1
trbna.com,1
tacdn.com,26
tronads.io,1
trovocdn.net,1
tcimg.net,2
eplay.com,2
bokolr.com,1
vncdn.vn,1
azstatic.com,1
cleversite.ru,1
tu-tu.ru,1
solucionhost.cl,2
tv2play.hu,1
d2r7e07ybby9yo.cloudfront.net,1
tymeshift.com,1
d5a9y5rnan99s.cloudfront.net,1
underarmour.com,1
abrankings.com,1
prom.ua,4
ubcwebdesign.com.au,1
dow.com,2
uctwidget.azurewebsites.net,1
unitedhealthgroup.com,1
uinsa.ac.id,1
admiralty.co.uk,2
gladly.com,2
afirstsoft.com,1
dkae4asr0dphj.cloudfront.net,1
latinon.com,1
bootstrapcdn.com,1
uacdn.net,1
sikt.no,2
unity.com,1
unmineable.com,1
cloudfuz.com,1
aaacompany.net,1
vk.com,1
uralsib.ru,1
urbanclap.com,2
ulcdn.net,1
mkefilm.org,1
d1id5eheivyv24.cloudfront.net,1
uscreencdn.com,1
marketing-pwyxomsin-bounce.vercel.app,1
braind.agency,1
loom.com,1
sumo.com,1
ust.com,1
washington.edu,1
uwcwidget.azurewebsites.net,1
stackpathcdn.com,1
lordofthesuperfrogs.com,1
westernsydney.edu.au,1
uztelecom.uz,1
prod-va-gov-assets.s3-us-gov-west-1.amazonaws.com,2
yektanet.com,1
snappylabs.io,1
vantagemarkets.com,1
insightech.com,2
bnnvara.nl,2
teletype.in,1
firsthand.co,2
venetianlasvegas.com,2
verizonwireless.com,2
zineone.com,2
verizon.com,1
happierleads.com,1
vertiv.com,1
celtra.com,1
mysingleromance.com,1
more.tv,2
vidiocdn.com,3
sieuviet.services,1
russmedia.com,1
netcoresmartech.com,1
hansel.io,1
kaizenplatform.net,1
mobilevikings.be,1
virginatlantic.com,1
alida.com,1
eddytravels.com,1
mapbox.com,1
vpdcp.com,1
d322uc7y3fcjjx.cloudfront.net,1
realvnc.com,1
myvi.in,1
useproof.com,1
vw-mms.de,1
vw.com,2
feature-app.io,1
imedia.cz,1
inbenta.io,1
d235vx86g2jtce.cloudfront.net,1
vttresearch.com,1
mediacdn.vn,1
leadspace.com,1
what3words.com,1
whatsapp.net,1
d2xegt8eccniy0.cloudfront.net,1
walmartimages.com,1
d2nr2jos5slco1.cloudfront.net,1
washingtonpost.com,2
srvsynd.com,1
warnerbros.com,1
wetransfer.net,3
weather.com,1
alibaba.com,1
wstatic.net,1
pixfuture.com,2
websupport.hu,2
izrnvo.com,1
dfapvmql-q.global.ssl.fastly.net,1
webengage.co,1
aliasanvil.com,1
meiqia.com,1
d2i6p126yvrgeu.cloudfront.net,1
wellsfargo.com,3
d1y068gyog18cq.cloudfront.net,1
westelecom.ua,1
d3l320urli0p1u.cloudfront.net,1
scentregroup.io,2
wetvinfo.com,2
wholefoodsmarket.com,1
interface003.com,1
brytecore.com,1
winsupplyinc.com,2
liquidweb.com,1
googleadservices.com,1
scopely.com,1
actionnews5.com,1
dream.ai,1
woolworths.com.au,1
insightful.io,1
inforsea.com,1
vi-serve.com,1
admaru.com,1
wgcdn.co,3
d7mir9my4asg3.cloudfront.net,1
vhx.tv,1
wpmudev.com,2
optad360.io,1
berkley.com,1
westernunion.com,1
rakuten.tv,1
weightwatchers.com,1
gazeta.pl,2
groundtruth.com,1
d39ewjhej4wmka.cloudfront.net,1
xfinity.com,1
miui.com,1
xmcdn.com,1
xm-cdn.com,5
croc.ru,1
xvideos-cdn.com,8
k2zone.cn,1
yellow.ai,2
adsby.io,1
click4assistance.co.uk,1
d37283br0lw1to.cloudfront.net,1
d39be2hlyrutg8.cloudfront.net,1
ypncdn.com,2
yzcdn.cn,1
yellowpages.ca,2
faisys.com,1
dnscdn.online,1
yystatic.com,1
yahoo.co.jp,1
zapier-deployment.com,1
rtatelecom.ru,1
convertful.com,1
15min.lt,1
dimelochat.com,1
zigcdn.com,2
hotpads.com,1
zillow.com,1
zmdcdn.me,1
dsb6jelx4yhln.cloudfront.net,1
waystar.com,1
binotel.com,3
mackeeper.com,1
mediazs.com,2
detmir.st,1
tnative.ru,1
zyro.com,1
