raychat.io,3
clarity.ms,1415
grizoon.com,4
crazygames.com,1
yandex.ru,1232
mail.ru,160
chartbeat.com,608
zdassets.com,206
hotjar.com,1030
woopic.com,1
liveperson.net,147
serv-selectmedia.com,1
adthrive.com,33
cloudflare.com,19
s-onetag.com,171
163.com,1
alicdn.com,6
ionos.fr,1
1tv.ru,2
imasdk.googleapis.com,174
mrf.io,111
tda.link,5
upscore.com,14
jsdelivr.net,131
2degreesmobile.co.nz,2
fullstory.com,166
2gis.ru,2
visualwebsiteoptimizer.com,63
lr-ingest.io,7
lightboxcdn.com,11
insurads.com,78
q5xr59.com,6
acronis.com,2
safe-iplay.com,1
sentry-cdn.com,32
yandex.net,2
popmechanic.ru,4
d2wy8f7a9ursnm.cloudfront.net,9
primis.tech,63
crisp.chat,148
media-amazon.com,16
amazon.com,9
taboola.com,13
d10lpsik1i8c69.cloudfront.net,61
luckyorange.com,43
kameleoon.eu,22
mouseflow.com,55
abc.net.au,1
viafoura.net,27
townnews.com,1
moatads.com,68
go.com,2
smartlook.com,30
viglink.com,8
aboutstatic.com,1
zopim.com,59
photo-ac.com,1
firstcolo.net,2
crazyegg.com,84
hsforms.net,38
datadome.co,2
yximgs.com,1
noibu.com,20
adobe.com,1
files.com,2
lr-ingest.com,2
yellowmessenger.com,5
uplink-digital.de,2
qualified.com,140
yastatic.net,3
b2c.com,26
fluct.jp,1
azureedge.net,8
notifyvisitors.com,1
clicktale.net,7
adoptium.net,1
parisaeroport.fr,1
tidiochat.com,38
glyph.net,1
quantummetric.com,64
americanfidelity.com,1
adform.net,24
webspectator.com,5
1password.com,1
agit556.xyz,1
perimeterx.net,9
da7bkoc2u6nz4.cloudfront.net,1
aol.com,3
ait.com,1
lordoftheentertainingostriches.com,1
sophi.io,9
nutrition.org,1
superpinkday.com,1
contentsquare.net,17
allegiantair.com,1
storage.googleapis.com,3
spot.im,20
robotflowermobile.com,2
alloprof-appa-prod.web.app,1
allschoolcdn.com,1
segreencolumn.com,29
alphaventuredao.io,1
axept.io,22
m2.ai,4
thehotelsnetwork.com,5
ssl-images-amazon.cn,1
primevideo.com,1
walkme.com,2
mypurecloud.com,4
shutterstock.com,2
mutinycdn.com,23
heapanalytics.com,19
amazon.co.uk,1
me-talk.ru,19
ancestry.com,1
tildacdn.com,12
angel.com,1
aru.ac.uk,1
dokumfe7mps0i.cloudfront.net,1
mlive.com,1
a1.net,2
dynamicyield.com,18
apollo247.com,1
rageagainstthesoap.com,2
datadoghq-browser-agent.com,11
spoton.com,1
klarna.com,1
paydayloansexpert.com,1
mncdn.com,5
arc.ht,1
ezodn.com,5
go-mpulse.net,90
georgiasouthern.edu,1
dza2a2ql7zktf.cloudfront.net,1
maps.googleapis.com,2
trackjs.com,10
asdxstatic.com,1
icfcdn.com,5
fouanalytics.com,40
connatix.com,45
visitor-analytics.io,1
asthmaandlung.org.uk,2
teddybearmetal.com,1
roundprinceweb.com,2
curalate.com,8
leadinfo.net,23
nfltags.com,9
imds-cdn.com,2
atptour.com,1
imgsmail.ru,4
powerrobotflower.com,1
akamaihd.net,1
click360.io,1
australian.museum,1
searchunify.com,1
ortto.com,2
beop.io,1
seroundprince.com,15
tldw.me,5
avexnet.jp,1
decibelinsight.net,3
contently.com,3
pcdn.co,3
axeptio.eu,1
zotabox.com,1
matomo.cloud,1
hideousplay.com,4
getflowbox.com,6
bpcdn.co,1
inside-graph.com,7
thebrightforks.com,2
uol.com.br,1
yotpo.com,36
bmcdn.me,1
probazon.ru,1
venusrevival.com,1
parsely.com,5
price.ru,1
tm-awx.com,44
tinypass.com,13
d2c7xlmseob604.cloudfront.net,1
juicer.io,2
avplayer.com,7
px-cloud.net,23
loansonlinee.com,1
pstatic.gr,1
cdnbetcity.com,3
cheqzone.com,11
hubspot.net,3
b144.co.il,1
techlusive.in,1
bhphoto.com,1
corporacionbi.com,1
bbassets.com,1
bcdn.jp,1
top100.ru,3
gaadicdn.com,1
bildstatic.de,1
bing.com,4
bb-os.com,2
dxycdn.com,1
bizjournals.com,2
hmstats.com,8
convertbox.com,4
gliacloud.com,1
exponea.com,1
gbqofs.com,33
bdstatic.com,1
protagcdn.com,9
yieldlove.com,8
newscred.com,2
bmuv.de,1
miaozhen.com,4
avanti-it.co,1
ajax.googleapis.com,22
boldcommerce.com,2
d3ogvdx946i4sr.cloudfront.net,2
apple.com,2
bosch.tech,1
shopify.com,16
meetboston.com,1
boylove3.cc,1
mgid.com,6
jquery.com,6
supercell.com,1
joshuarms.com,2
thesmilingelbows.com,11
d2l.com,2
keywee.co,3
nogin.com,3
brother-usa.com,1
comagic.ru,1
akamaized.net,6
monicaatron.com,3
d2vbpkts4ss4v2.cloudfront.net,1
business-online.ru,1
bwnet.com.tw,1
ravenjs.com,7
azurefd.net,5
buzzfeed.com,1
whjr.dev,1
purechatcdn.com,9
cdn-website.com,3
niceincontact.com,1
signalfx.com,3
pocoiq.cn,1
investingchannel.com,5
main--dotcom-prod.netlify.app,1
strpst.com,18
mcangelus.com,5
anthology.com,2
cdntrex.com,1
howuku.com,1
koshelek.app,1
icarcdn.com,1
karousell.com,5
classistatic.com,2
aeplcdn.com,1
servicecashadvance.com,2
pure.cloud,2
b-cdn.net,9
techmonitor.ai,1
atlantanewsfirst.com,1
paramount.com,5
wolterskluwer.com,5
cntv.cn,1
cctvpic.com,2
online-metrix.net,4
leadpages.com,2
orange.pl,2
humana.com,1
centersvet.com,1
centersvet.ru,1
michiganrobotflower.com,5
skyscanner.net,2
maxio.com,1
spectrum.net,1
telerik.com,5
nitrocdn.com,5
zoominfo.com,2
anyclip.com,12
gtsstatic.net,1
mql5.com,1
bloomberg.com,1
citynews.ca,1
gainesvillefl.gov,1
planview.com,1
addthis.com,1
afterpay.com,1
factors.ai,4
smartcommerce.com,1
lordofthequietbadgers.com,1
stat-cdn.com,1
sage.com,2
globo.com,1
imperva.com,1
iadvize.com,1
cnbc.com,1
d1fc8wv8zag5ca.cloudfront.net,1
coinglasscdn.com,1
cc.com,4
comcast.com,1
gamespot.com,1
ssl-images-amazon.com,2
kuikr.com,1
vecteezy.com,2
knotch-cdn.com,5
lemde.fr,5
carrotquest.io,4
gorgias.chat,3
nmgwywy.com,1
poptok.com,1
firstimpression.io,2
routledge.com,1
channel.io,11
zealy.io,1
hscicdn.com,2
cronos-groep.be,1
d3lcz8vpax4lo2.cloudfront.net,2
erstegroup.com,2
codesandbox.io,1
cornerstoneondemand.com,1
mj-snowplow-static-js.s3.amazonaws.com,1
inspectlet.com,15
freshmarketer.com,1
piano.io,9
bento.me,1
addsearch.com,1
medialaben.no,1
yimg.com,1
tosshub.com,2
logly.co.jp,1
onicon.ru,2
google.com,4
psmcdn.net,2
dcarstatic.com,2
scaleway.com,4
withflowersea.com,3
faceplay.me,1
getkoala.com,4
dcdn.lt,1
d2tnd5rm3qyjbv.cloudfront.net,1
apb-deozal.ru,1
thepointyspritesclub.com,4
vrt.be,1
artlebedev.ru,1
dspncdn.com,1
trackercdn.com,1
andbeyond.media,5
devsisters.com,1
prensaiberica.es,14
cxense.com,13
digitec.ch,1
hostdime.com,1
linkvertise.com,4
virtual-expo.com,1
discord.com,1
nhtsa.gov,2
media.net,1
tudublin.ie,1
oracle.com,19
hosty.cl,1
livehost.cl,1
bluehosting.cl,3
dccdn.de,1
doc-media.fr,1
youtube.com,7
hsmedia.ru,3
cdntrf.com,15
cdn4dd.com,1
rmr.rocks,1
vidverto.io,1
cnet.com,1
hubspotusercontent-na1.net,1
draftkings.com,1
runasian.net,1
brid.tv,2
dreamhost.com,1
capturly.com,3
commerzbank.de,1
drift.com,1
rdrom.ru,1
driverpack.io,1
sberdevices.ru,2
nayatel.com,1
adpushup.com,4
dw.com,2
dynatrace.com,7
dzeninfra.ru,2
ngs.ru,3
rambler.ru,2
monu.delivery,5
just-eat.ch,1
rakuten.com,3
airbud.io,7
indiatimes.com,4
perfmaker.net,2
edg.io,6
craft-talk.com,2
d1jnx9ba8s6j9r.cloudfront.net,1
d2vw57jh8139vw.cloudfront.net,1
hb.wpmucdn.com,2
sqexeu.com,2
pathfactory.com,11
podium.com,1
gfrvideo.com,1
emerson.com,2
picturepack.com,1
epson.eu,1
pixelbin.io,2
espncdn.com,3
yieldify.com,6
educibly.com,2
zenclerk.com,6
err.ee,1
ad-score.com,2
euromoneydigital.com,1
evbstatic.com,12
zohocdn.com,9
healthroundprince.com,2
alltrails.com,1
digimarc.com,1
flip.to,1
contentdial.com,1
extrastores.com,1
ezoic.com,2
faceit-cdn.net,1
nedigital.sg,1
idealmedia.io,1
brandwatch.com,1
callibri.ru,1
federalnewsnetwork.com,1
framerusercontent.com,3
fredhutch.org,1
servicebell.com,2
firstarriving.com,1
plerdy.com,7
revenera.com,2
staticflickr.com,1
flightcdn.com,1
flipboard.com,1
gacraft.jp,4
snidigital.com,3
static-food.ru,1
hearstapps.com,2
france.tv,1
journity.com,1
trustedform.com,4
mymove.com,1
front.com,1
rationalcdn.com,4
futureplc.com,3
8x8.com,2
g2.com,1
gamedeveloper.com,1
enthusiastgaming.com,4
dancf.com,1
sdn.cz,5
gcom.cloud,2
bestprice.gr,1
gazzettaobjects.it,1
themarysue.com,1
habr.com,2
fourtimessmelly.com,4
food.com,1
aptum.com,2
asadcdn.com,2
d2bgjx2gb489de.cloudfront.net,1
operacdn.com,1
condenastdigital.com,2
glideapps.com,1
wsimg.com,2
adspsp.com,15
gnst.jp,1
ce-cdn.net,1
smh.com.au,1
abcotvs.net,1
grxstatic.com,1
quiq-cdn.com,1
mindbox.ru,5
tinder.com,1
pxr.nl,1
synchrony.com,2
grab.com,2
alwafaagroup.com,1
grantcardone1.wpenginepowered.com,1
ghcdn.xyz,2
goteleport.com,5
zoomengage.com,1
greetz-nl.net,1
ubembed.com,4
guim.co.uk,2
takingbackjuly.com,2
ustatik.com,1
powerreviews.com,1
searchspring.net,1
gx.games,1
hackster-cdn.online,1
atlassian.com,5
675e18303392.online,1
haose10.vip,1
l3harris.com,2
chargepoint.com,1
tune.com,1
nic.ru,2
allincall.in,2
cohere.so,2
scdn.co,1
hillrom.com,1
qgraph.io,2
criteo.com,2
viewlift.com,1
protoroundprince.com,1
flocktory.com,4
d1xt9s86fx9r45.cloudfront.net,1
procore.com,1
sdiapi.com,1
scsstatic.ch,1
analitik.my.id,2
namesilo.com,1
motortrend.com,1
holidaylettings.com,1
hpsmart.com,1
hs-banner.com,3
hootsuite.com,2
hworld.com,1
crowdstrike.com,4
hbfile.net,1
hurriyet.com.tr,1
huxiucdn.com,1
msstatic.com,1
hubspotusercontent-eu1.net,3
news18.com,1
figpii.com,1
internetcomputer.org,1
gstatic.com,1
safenames.net,1
ignimgs.com,1
selcdn.net,2
andata.ru,6
repstatic.it,1
curve.com,1
dqpnq362acqdi.cloudfront.net,1
nice.com,2
imimg.com,1
rocketmortgage.com,1
groupe-infoclip.com,1
d33pn8gtn0nu9p.cloudfront.net,2
nigelmidnightrappers.com,1
motor1.com,1
fbcdn.net,2
getgist.com,1
wunderground.com,1
geotab.com,1
iplsc.com,1
iway.ch,1
ipaddress.com,1
iqiyipic.com,1
qodeinteractive.com,1
darwin.cx,1
xnxx-cdn.com,7
isu.pub,1
tass.ru,1
itsme-id.com,1
ivi.ru,1
startpage.com,1
one.store,1
cdnjhd.com,3
jdpower.com,2
walmart.com,1
honeybadger.io,1
leadongcdn.cn,1
jinshujucdn.com,1
brightspotcdn.com,3
joomcdn.net,2
jotform.com,3
3lift.com,1
jiguang.cn,1
js.design,1
oup.com,5
dditscdn.com,2
jwplayer.com,3
privy.com,1
kamiapp.com,1
thelead.tech,1
pzimff.com,2
mrmserve.com,2
orangeclickmedia.com,9
r9cdn.net,3
kickstarter.com,1
wondershare.cc,2
sohatv.vn,3
king.host,2
flashb.id,1
gatsbyjs.io,6
koala.live,3
taringa.net,1
informaconnect.com,2
yandex.com,1
kpcdn.net,2
kontur.ru,3
alaskasnewssource.com,1
eckwai.com,1
onnetwork.tv,3
fundacionlacaixa.org,1
ddw3p1oh0ex89.cloudfront.net,1
atomik.vip,1
webediamovies.pro,1
systempay.fr,1
shiyanlou.com,1
lmiutil.com,1
itldc.com,1
tf1info.fr,1
ldmnq.com,1
leadongcdn.com,2
d3k29occ4ttmt2.cloudfront.net,1
omerloclients.com,1
lexisnexis.com,1
livein.mobi,1
lidl.de,1
vektor-inc.co.jp,1
like-video.com,4
picsee.io,2
contentpass.net,1
livenationinternational.com,1
livenationcdn.com,1
livejournal.net,1
decide.co,1
twitchcdn.net,3
6play.fr,1
polarbyte.com,1
next.co.uk,1
twimg.com,8
ezoic.net,6
mango-office.ru,1
udayavani.com,1
mccdn.me,1
cafirebreather.com,1
d26x5ounzdjojj.cloudfront.net,1
vlyby.com,1
searchlogistics.com,1
latitude.sh,1
medidata.com,1
redblue.de,1
tradedealer.net,1
pelotalibre.com,1
vcdn.biz,1
meitudata.com,1
opswat.com,1
metservice.com,1
mocortech.com,1
miaotuacg.com,1
igao-prod-herokuapp-com.global.ssl.fastly.net,1
cux.io,2
seohost.pl,1
forsvarsmakten.se,1
mindbodyonline.com,1
mrvcdn.com,1
bluebillywig.com,1
mlbstatic.com,1
hrsd.gov.sa,2
mightynetworks.com,1
orange.be,1
mediaad.org,3
posthog.com,1
d37sy4vufic209.cloudfront.net,1
foundit.in,1
nitrado.net,1
staticmorizon.com.pl,1
im-g.pl,4
byroundprince.com,1
webflow.com,1
mypurecloud.de,1
morganstanley.com,1
ricoh-usa.com,1
pstatp.com,1
multilogin.com,1
msscdn.net,1
tiqcdn.com,1
relap.io,1
alfred.camera,1
tencent-cloud.com,2
qq.com,1
beckman.com,1
d1vwxdpzbgdqj.cloudfront.net,1
hippo.com,1
aliyuncs.com,1
prosieben.de,1
netangels.ru,1
un.org,1
boostbox.com.br,1
napinfo.co.id,1
tableau.com,2
nationalgeographic.com,1
assettype.com,1
clicktripz.com,3
naukimg.com,1
tenable.com,1
netcorecloud.com,2
kingpinkton.com,1
api.no,1
chiccdn.com,1
logotv.com,1
d2jx2rerrg6sh3.cloudfront.net,1
ntv.co.jp,1
poppulo.com,1
marketingcloudfx.com,3
dfwbfr2blhmr5.cloudfront.net,1
registry.godaddy,8
d33a4decm84gsn.cloudfront.net,1
segway.com,1
lr-in-prod.com,2
prestosports.com,1
techtarget.com,1
vercel.com,8
mypurecloud.com.au,2
loyalhealth.com,1
cloudblue.com,1
officedepot.com,1
aamapiv2.com,4
okx.com,1
lazyrockets.com,1
bytegoofy.com,1
e2e4online.ru,1
evergage.com,1
wsj.com,1
wsj.net,1
winempresas.pe,1
omappapi.com,2
sirclocdn.com,1
abc.com,1
d1u8dm08vp3e0x.cloudfront.net,1
cdnpandadoc.com,1
paradoxinteractive.com,1
cityrobotflower.com,1
pb06e2-resources.com,1
payu.in,1
apryse.com,1
downloads-pearljam-com.s3.amazonaws.com,1
fidcdn.net,1
pennymac.com,1
d1a29h5kxv3oc2.cloudfront.net,1
peppercontent.io,1
botchk.net,1
cloverstatic.com,1
pewresearch.org,1
inquirer.com,1
parabo.press,1
nuxit.com,1
phoenixsoftwares.in,1
hostek.co.uk,1
ibytedtos.com,2
pik.ru,1
d3v8pb2o62uqvf.cloudfront.net,1
matomo.org,1
d2skjte8udjqxw.cloudfront.net,1
lpcdn.site,1
rakuten.co.uk,1
blizzard.com,1
promolayer.io,1
zadn.vn,2
lr-in.com,1
lokr.io,1
ssense.com,1
mlstatic.com,1
d3i4yxtzktqr9n.cloudfront.net,4
wizardingworld.com,1
smartandstrong.com,1
ppr.ru,1
shift4.com,2
prcdn.co,1
bigbrain.gg,1
prostitutkimoskvynext.info,1
proton.me,2
printables.com,1
glassboxcdn.com,3
altice-empresas.pt,1
spbu.ru,1
ladmedia.fr,1
puppet.com,1
getsitecontrol.com,1
coveo.com,2
intuit.com,2
audacy.com,1
tunein.com,1
helpfeel.com,1
sitest.jp,2
randstadgroep.nl,1
rarathemes.com,1
clyde.chat,1
cambridge.org,1
australiarevival.com,1
origo.hu,1
redditstatic.com,3
betterhelp.com,1
soundcloud.com,1
onet.pl,1
1874966808.rsc.cdn77.org,1
ra.co,1
reuters.com,1
roberthalf.com,1
ridicdn.net,1
rigolna.com,1
olympics.com,1
fusedeck.net,1
ranker.com,1
d3hbe0kmbam4a5.cloudfront.net,1
dogado.pro,1
roundprincemusic.com,1
quickenloans.com,1
rogers.com,1
rollbot.com,1
rosettastone.com,1
rocketsoftware.com,1
rt.ru,1
northbeam.io,1
razorpay.com,1
asklocala.com,1
sports.ru,3
saab.com,1
roundprincethere.com,1
churnzero.net,1
mypurecloud.ie,1
vmware.com,2
neuro-id.com,1
samolet.ru,1
samsung.com,3
iza.ne.jp,1
adskeeper.com,1
zvuk.com,2
sberbank.com,1
ionos.de,1
d2oh4tlt9mrke9.cloudfront.net,3
i-scmp.com,1
d2sgc57sw7l730.cloudfront.net,1
going.com,1
screencloud.com,1
flexera.com,1
weblog.md,1
rsa.com,1
superpointlesshamsters.com,1
scdn.vn,1
d22d1xpx4ztuef.cloudfront.net,1
mbc.net,1
ipscdn.net,1
shoosh.co,1
sa-tech.de,1
shopeemobile.com,1
sensormatic.com,1
elsi-group.ru,1
static1-sima-land.com,1
sitiohost.cl,1
instana.io,1
slido.com,1
maggieeatstheangel.com,1
republic.ru,1
marketwatch.com,1
smarty.com,1
accruesavings.com,1
dblks.net,1
snap.com,1
sniply.io,1
ivideosmart.com,1
accor.com,1
sonarsource.com,1
texthelp.com,1
sph.com.sg,1
ngenix.net,1
spotifycdn.com,2
t-mobile.com,3
d10gugzveyt6ly.cloudfront.net,1
squareup.com,3
opyn.co,1
d2mc7g633s0nki.cloudfront.net,1
comnet.uz,1
d10baati43jr8c.cloudfront.net,1
equinor.com,1
apppage.net,1
travel-assets.com,1
dumy1g3ng547g.cloudfront.net,1
thestepstonegroup.com,1
d3ss0gp3e5d7m3.cloudfront.net,1
unidata.ai,1
edgecastcdn.net,1
esputnik.com,1
d20ohkaloyme4g.cloudfront.net,2
lendingtree.com,2
yapokupayu.ru,1
dz3ixmv6nok8z.cloudfront.net,1
secureserver.net,1
super.cz,1
nintendo.com,1
sh.cz,1
bringmethehats.com,3
dijsur42hqnz1.cloudfront.net,1
svtstatic.se,1
gotolstoy.com,1
jnjmedtech.com,1
telekom.hu,1
ticketmaster.com,1
sinaimg.cn,2
d16xvuom8mr9m8.cloudfront.net,1
tmgrup.com.tr,1
icims.com,1
tapimg.com,4
d30womf5coomej.cloudfront.net,1
tastytrade.com,1
optimonk.com,1
digitalrealty.com,1
kwcdn.com,1
d3c39yxulteaif.cloudfront.net,1
listenlayer.com,1
saltwire.com,1
thetimes.co.uk,2
siren-production.freetls.fastly.net,1
thinkwebcontent.com,1
tiaa.org,1
tidio.com,1
epicdn.me,1
tiktokcdn-us.com,1
toiimg.com,1
warnermedia.com,1
iesnare.com,1
cdn-tinkoff.ru,1
fcps.edu,1
tumblr.com,2
vonage.com,1
torrens-australia.com,1
etc.uz,1
tnsinc.com,1
lngtd.com,1
wise.com,1
toyota.com,1
trbna.com,1
tacdn.com,26
trovocdn.net,1
tcimg.net,1
eplay.com,2
vncdn.vn,1
azstatic.com,1
cleversite.ru,1
solucionhost.cl,1
d5a9y5rnan99s.cloudfront.net,1
prom.ua,1
dow.com,1
uctwidget.azurewebsites.net,1
ediemidnightzombies.com,2
uinsa.ac.id,1
admiralty.co.uk,1
uacdn.net,1
sikt.no,2
unity.com,1
website-files.com,1
unmineable.com,1
cloudfuz.com,1
uralsib.ru,1
urbanclap.com,1
loom.com,1
rackcdn.com,1
uwcwidget.azurewebsites.net,1
uztelecom.uz,1
prod-va-gov-assets.s3-us-gov-west-1.amazonaws.com,2
insightech.com,2
bnnvara.nl,1
firsthand.co,1
m-pathy.com,1
verizonwireless.com,2
verizon.com,1
more.tv,1
vidiocdn.com,1
russmedia.com,1
virginatlantic.com,1
mapbox.com,1
realvnc.com,1
vw-mms.de,1
vw.com,1
mediacdn.vn,1
what3words.com,1
whatsapp.net,1
d2xegt8eccniy0.cloudfront.net,1
walmartimages.com,1
washingtonpost.com,2
rubiconproject.com,1
srvsynd.com,1
warnerbros.com,1
websupport.hu,1
webfx.com,1
izrnvo.com,1
scentregroup.io,1
wetvinfo.com,1
wholefoodsmarket.com,1
stroeerdigitalgroup.de,1
interface003.com,1
liquidweb.com,1
scopely.com,1
actionnews5.com,1
dream.ai,1
d7mir9my4asg3.cloudfront.net,1
wpmudev.com,1
optad360.io,1
berkley.com,1
westernunion.com,1
rakuten.tv,1
gazeta.pl,2
groundtruth.com,1
miui.com,1
xmcdn.com,1
croc.ru,1
xvideos-cdn.com,8
k2zone.cn,1
yellow.ai,1
adsby.io,1
ypncdn.com,2
yzcdn.cn,1
yellowpages.ca,1
faisys.com,1
yystatic.com,1
zapier-deployment.com,1
15min.lt,1
zillow.com,1
hotpads.com,1
zmdcdn.me,1
dsb6jelx4yhln.cloudfront.net,1
waystar.com,1
zyro.com,1
