heapanalytics,56
yandex,265
google-analytics,36
nr-data,276
osano,8
olark,2
mrf,47
zdassets,113
ajax,15
10bestmedia,1
googletagmanager,283
connatix,51
pinimg,99
unpkg,16
listrakbi,9
brightpattern,1
yastatic,4
mail,93
clarity,131
insurads,9
leadinfo,7
upscore,3
adroll,2
taboola,57
axept,14
newrelic,135
riskified,4
clickcease,1
dynamicyield,14
cookielaw,17
attn,7
crisp,45
infolinks,9
addthis,1
imasdk,64
hotjar,109
mxpnl,11
cloudflare,13
geoedge,2
moatads,40
chartbeat,326
jsdelivr,25
b2c,3
aniview,17
liveperson,59
dtscout,1
raychat,2
paypal,4
quantummetric,8
bitgravity,1
accor,1
kameleoon,19
cedexis-test,1
cedexis,1
channel,2
sentry-cdn,28
driftt,28
wistia,4
act-on,2
segment,18
crazyegg,43
sincrod,1
getkoala,2
mparticle,2
springserve,5
luckyorange,3
fullstory,38
keywee,11
yotpo,70
cnstrc,3
contentsquare,11
inspectlet,2
go-mpulse,33
alamy,1
ad-score,3
mgid,2
avplayer,2
izooto,1
curalate,17
qualified,26
pub,4
d3lcz8vpax4lo2,1
df80k0z3fi8zg,1
doubleclick,43
amazon-adsystem,6
shopify,25
mypurecloud,4
selectmedia,4
zoho,1
zohocdn,3
bluecore,1
d1nfaf380zbiur,1
px-cloud,9
userway,12
gstatic,8
nextpit,1
snigelweb,3
angelone,1
googleoptimize,12
smct,3
goqubit,3
journity,1
tidiochat,21
appdynamics,2
yahoosandbox,1
yimg,2
oath,1
smartlook,13
jst,18
zopim,20
emsservice,1
rlcdn,6
instana,6
facebook,25
aweber-static,1
babycenter,1
bankofamerica,2
jwpcdn,13
bounceexchange,21
trackjs,7
danv01ao0kdr2,1
d2wy8f7a9ursnm,10
maps,10
d3a1eo0ozlzntn,1
privacy-mgmt,1
permutive,4
cxense,3
truyo,1
privacy-center,4
bell,1
bsimg,1
d10lpsik1i8c69,17
bolt,5
cheqzone,8
cbsi,1
cbsivideo,1
mtvnservices,1
lvision,1
robotflowermobile,1
rageagainstthesoap,1
lr-ingest,1
bstatic,1
d1je72vo6cxqo9,3
bloomberg,2
bwbx,3
adsafeprotected,7
jquery,11
gbqofs,6
cookiebot,4
dhqbrvplips7x,3
carrotquest,4
ex,3
primis,16
relevant-digital,1
viafoura,27
dz9qn8fh4jznm,1
spresso,1
plerdy,5
thepointyspritesclub,2
clearbit,2
trvdp,2
getshogun,1
klaviyo,18
akamaized,3
dnsl4xr6unrmf,1
mediavine,4
talkative-cdn,1
useinsider,2
jivo,1
wepay,1
noibu,8
stoic-media,2
batch,1
googlesyndication,2
octipas-emerch,1
dqfw2hlp4tfww,1
criteo,6
oracleinfinity,1
abtasty,1
trustcommander,1
vzbl,1
doubleverify,1
ml314,3
hsforms,13
webeyez,2
streem,5
clicktale,1
wisepops,2
fwcdn2,2
crwdcntrl,1
d3vlhkqyz4y38a,1
s-onetag,17
newscred,2
mouseflow,10
cgi,1
chairish-static-assets,1
lura,1
nfltags,1
ubembed,1
bigcommerce,2
swellrewards,1
salesforceliveagent,2
shoprunner,1
ometrics,1
licdn,3
adsrvr,2
adform,5
optmnstr,1
d1ri7vjnxr0h7s,1
d1kocom260xmzt,1
ezoic,2
michiganrobotflower,3
adobedtm,8
fbcdn,1
m2,2
mutinycdn,12
vidible,1
avantisvideo,1
demandbase,14
freshbots,1
ingrammicrocloud,1
getbeamer,1
datadoghq-browser-agent,3
ampproject,3
mpio,1
lordoftheentertainingostriches,1
firstlight,3
adthrive,4
qualtrics,1
cloudfastin,2
optimizely,8
google,7
d2w68ocb6l47bj,1
app-us1,1
lightboxcdn,5
crutchfieldonline,1
freshchat,1
tiqcdn,3
usabilla,1
oktopost,1
pxlecdn,3
wingbot,1
momently,1
s3-us-west-2.amazonaws.com,1
bttrack,6
d20xtzwzcl0ceb,1
audioeye,5
spot,3
getclicky,1
lpsnmedia,4
d2oh4tlt9mrke9,1
web-2-tel,1
livechatinc,2
derm-sync-script,1
datadome,2
dick-blick,1
inside-graph,8
snidigital,1
optimonk,1
calltouch,6
zoominfo,4
hostdime,1
nitrocdn,6
revlifter,1
ezodn,3
simcast,5
dovetail,1
automatad,1
atmtd,3
marketlinc,1
oribi,3
visualwebsiteoptimizer,10
uniconsent,1
storage,3
anyclip,6
lkqd,1
ad,1
adgrid,1
omnisnippet1,1
omappapi,3
adtechus,1
everydayhealth,1
consensu,6
bleacherreport,1
s3.amazonaws.com,3
stickyadstv,1
fouanalytics,9
wshopon,1
me-talk,2
segreencolumn,10
superpinkday,1
i-scmp,1
d26x5ounzdjojj,1
ebdcdn,1
viglink,4
wazimo,1
justuno,4
feedercdn,1
intercomcdn,8
usercentrics,1
pathfactory,3
verizonconnect,2
darwin,1
accessibilityserver,1
m-pathy,4
simpli,1
quantserve,1
tiktok,4
foxit,1
lemde,4
dlh8c15zw7vfn,1
cohesionapps,1
dynatrace,6
hubspotusercontent-na1,1
getflowbox,1
scarabresearch,1
gcore,1
hstatic,1
vlyby,1
d1um8515vdn9kb,1
joshuarms,1
condenastdigital,4
tawk,1
brightcove,1
bizible,1
byroundprince,1
ensighten,1
htlbid,3
mountain,2
hsappstatic,1
sleeknote,2
exponea,2
website-files,4
shoptarget,1
azureedge,2
gumroad,1
thehotelsnetwork,4
northfork,1
woosmap,1
privacymanager,5
cleverpush,1
zeronaught,1
purechat,2
notifyvisitors,1
moengage,1
adpushup,2
hextom,1
mj-snowplow-static-js,1
contently,1
d253pvgap36xx8,1
yieldify,4
evidon,1
crowdriff,4
levelaccess,4
d17mvqspmtlfpa,1
claspo,1
particularaudience,1
zma,1
wired,1
tinypass,3
optemo,1
granify,1
buzzfeed,8
huffpost,9
mediavoice,1
huntresscdn,1
hypebeast,1
secureserver,1
dialogtech,2
ezojs,2
buysellads,1
pcdn,4
webspectator,1
login-seconnecter,1
adstanding,1
hyros,1
powerrobotflower,3
podium,1
haptikapi,1
wotnot,1
matomo,1
d13a9k2cw5p3go,1
csell,3
itsintegra,1
miaozhen,1
bustle,3
issp,1
onesignal,1
notsy,1
jane,1
storejohnnywas,1
zotabox,1
takingbackjuly,2
worldnow,1
dafiti,1
northbeam,1
andbeyond,4
yottaa,3
knotch-cdn,1
stripe,4
whirlpool,1
tgtag,4
srvmath,1
akinoncdn,1
shopstory,1
marketo,3
youlead,1
searchspring,3
adspsp,4
dfboipmnnah5o,1
life,1
qualaroo,1
idesk360,1
later,1
k-analytix,1
rum,1
ldycdn,1
prooffactor,1
joinclyde,4
figpii,2
repeller,1
dito,1
martech,2
ziffstatic,1
d32hpx6p5we0tx,1
voxus,2
mdpi,1
b-cdn,1
imds-cdn,1
rechargecdn,1
snapchat,2
userpilot,1
myfreecams,1
cdn-sitegainer,1
pdst,4
branch,1
d38xvr37kwwhcm,1
postie,1
adgrowth,1
moevideo,1
casalemedia,1
futurecdn,3
atlassian,1
motorola,1
247-inc,1
d1af033869koo7,1
youtube-nocookie,1
andata,1
adskeeper,1
appboycdn,2
d14pdm1b7fi5kh,1
natrocdn,2
datasteam,2
imotech,1
photoholding,1
d275im4r3zngba,1
hs-banner,2
usemessages,1
fontawesome,1
hs-scripts,2
hs-analytics,2
npstatic,1
dable,1
rackcdn,1
nobelprize,1
norton,2
concert,1
ns1,2
top100,1
collectcdn,1
quiet,1
connectif,1
d2apc0nnfc3jtp,1
hyland,1
cdntrf,2
ftc,1
d2zah9y47r7bi2,1
securedvisit,1
spiny,1
wolterskluwer,1
d16fk4ms6rqz1v,1
shop,1
narrativ,1
d3rr3d0n31t48m,1
jivosite,1
dwin2,1
sendtonews,7
bazaarvoice,1
orangeclickmedia,2
mavenoid,2
w3counter,1
translate,2
pinellas,1
outbrain,1
seedtag,1
vidazoo,1
sc-static,1
uibcdn,1
honeybadger,1
twitter,3
btttag,1
upsellit,1
foresee,1
pricenacdn,1
youtube,2
cookiepro,1
retailcrm,1
punchhinc,1
withflowersea,1
hsleadflows,2
lytics,1
cloudflareinsights,1
trialfire,1
getreview,1
pilotx,1
luxupcdnc,1
ravenjs,1
hypemarks,2
decibelinsight,1
mindbox,2
nxedge,1
commanders,1
d1fc8wv8zag5ca,1
trbo,1
signalfx,1
rtrcdn,1
rhinofy,1
chaty,1
raymondjames,1
boomtrain,1
superpointlesshamsters,1
admetricspro,1
d15kdpgjg3unno,1
broadbandy,1
rglcdn,1
gatedcontent,1
samsung,1
isanook,1
fastsimon,1
opmnstr,1
grubhub,1
chatlingual,1
getsitecontrol,1
hubspot,3
dc8xl0ndzn2cb,1
multisearch,1
media-amazon,1
apester,1
getdrip,1
siteimproveanalytics,1
tildacdn,1
snowplow,1
tpdads,1
brid,1
revcontent,2
msecnd,2
d29dbajta0the9,2
americanhometownmedia,1
rollbar,2
sph,1
instreamvideo,1
quantcast,2
salecycle,2
bundleb2b,1
cdn-tinkoff,1
mfilterit,1
clearbitjs,1
inpwrd,1
aamapiv2,1
gumlet,1
convertkit,1
kxcdn,1
pubmatic,1
richpanel,1
sailshopify-webhooks-prod,1
getelevar,1
gotolstoy,1
dailymail,1
adnxs-simple,1
indexww,1
requestmetrics,1
fox,1
flocktory,1
bytecon,1
d17g6s5vigzk0w,1
imrworldwide,1
binom,1
monetate,1
yieldday-frontend-se2gf,1
forroundprince,1
serv-selectmedia,1
neuro-id,1
bokolr,1
blueconic,1
d2r7e07ybby9yo,1
tymeshift,1
gladly,2
vk,1
ulcdn,1
d1id5eheivyv24,1
uscreencdn,1
lordofthesuperfrogs,1
snappylabs,1
vtexassets,1
invocacdn,1
celtra,1
mysingleromance,1
d322uc7y3fcjjx,1
imedia,1
wstatic,1
bringmethehats,1
d2i6p126yvrgeu,1
d1y068gyog18cq,1
360playvid,1
brytecore,1
3lift,1
australiarevival,1
wpmudev,1
getgist,1
d39ewjhej4wmka,1
rejoiner,1
dc19s0tq5ynbc,1
click4assistance,1
nigelmidnightrappers,1
